ID_A,ID_B,Title_A,Title_B,ISBN13_A,ISBN13_B
314,4,Autobiography of a Yogi,Autobiography of a Yogi,,9780876120798
521,7,The Reaper: Autobiography of One of the Deadliest Special Ops Snipers,The Reaper: Autobiography of One of the Deadliest Special Ops Snipers,9781250045447,9781250045447
429,8,Knots in My Yo-Yo String: The Autobiography of a Kid,Knots in My Yo-yo String: The Autobiography of a Kid,9780679887911,9780679887911
220,11,Long Walk to Freedom: The Autobiography of Nelson Mandela,Long Walk to Freedom: The Autobiography of Nelson Mandela,9780316323543,9780316323543
1440,14,The Autobiography of Benjamin Franklin,The Autobiography of Benjamin Franklin,,9780486290737
264,15,One Direction: Who We Are: Our Official Autobiography,One Direction: Who We Are: Our Official Autobiography,9780007577316,9780007577316
195,18,Clapton: The Autobiography,Clapton: The Autobiography,,9780767925365
1648,23,El Sicario: The Autobiography of a Mexican Assassin,El Sicario: The Autobiography of a Mexican Assassin,9781568586588,9781568586588
1109,27,"Play On: Now, Then, and Fleetwood Mac: The Autobiography","Play On: Now, Then, and Fleetwood Mac: The Autobiography",9780316403429,9780316403429
176,31,An Autobiography: The Story of My Experiments with Truth,An Autobiography: The Story of My Experiments with Truth,,9780807059098
198,43,Open: An Autobiography,Open: An Autobiography,9780307388407,9780307388407
889,51,E.A.R.L.: The Autobiography of DMX,E.A.R.L.: The Autobiography of DMX,9780060934033,9780060934033
113,63,Autobiography of St. Teresa of Avila,Autobiography of St. Teresa of Avila,9780486475981,9780486475981
1428,81,A Man of Honor: The Autobiography of Joseph Bonanno,Man of Honor,9780312979232,9780312979232
908,84,The Lineage (Autobiography of a Werewolf Hunter Book 3),The Lineage (Autobiography of a Werewolf Hunter Book 3),,2940151640046
213,93,The Unauthorized Autobiography of Ethan Jacobs,The Unauthorized Autobiography of Ethan Jacobs,,2940033162109
915,101,My Way: An Autobiography,My Way: An Autobiography,,9781250035202
746,102,Margaret Thatcher: The Autobiography,Margaret Thatcher: The Autobiography,,9780062049452
753,109,Dr. J: The Autobiography,Dr. J: The Autobiography,,9780062188038
110,116,The Autobiography of Andrew Carnegie,The Autobiography of Andrew Carnegie,,2940012693211
1039,124,Open Secret: The Autobiography of the Former Director-General of MI5,Open Secret: The Autobiography of the Former Director-General of MI5,9781448107483,9781448107483
668,131,Pele: The Autobiography,Pele: The Autobiography,,9781847394880
1373,136,Where White Men Fear to Tread: The Autobiography of Russell Means,Where White Men Fear to Tread: The Autobiography of Russell Means,9780312147617,9780312147617
988,140,It Doesn't Take a Hero: The Autobiography of General H. Norman Schwarzkopf,It Doesn't Take a Hero: The Autobiography,9780553563382,9780553563382
1285,141,Musui's Story: The Autobiography of a Tokugawa Samurai,Musui's Story: The Autobiography of a Tokugawa Samurai / Edition 1,9780816512560,9780816512560
853,147,Die Nigger Die!: A Political Autobiography of Jamil Abdullah al-Amin,Die Nigger Die!: A Political Autobiography of Jamil Abdullah al-Amin,,9781556524523
1436,149,50 Classic Autobiographies,50 Classic Autobiographies,,2940012105042
1214,153,Autobiography Of A Duffer,Autobiography Of A Duffer,,2940045462426
938,161,A Change of Habit: The Autobiography Of A Former Catholic Nun,Change of Habit: The Autobiography of a Former Catholic Nun,9780892252923,9780892252923
506,167,King of the Mild Frontier: An Ill-Advised Autobiography,King of the Mild Frontier: An Ill-Advised Autobiography,9780060502515,9780060502515
622,168,The Autobiography of George Müller a Narrative of Some of the Lord's Dealings with George Müller Written by Himself Vol I,The Autobiography of George Muller a Narrative of Some of the Lord's Dealings with George Muller Written,9781849027441,9781849027441
419,170,Renegade at Heart: An Autobiography,Renegade at Heart: An Autobiography,,9781941631263
658,176,Time To Be In Earnest: A Fragment Of Autobiography,Time to Be in Earnest: A Fragment of Autobiography,9780345442123,9780345442123
668,182,Pele: The Autobiography,Pele: The Autobiography,,9781416511212
233,207,Long Time Gone: The Autobiography of David Crosby,Long Time Gone : The Autobiography of David Cros,9780979048906,9780979048906
308,213,Commando: The Autobiography of Johnny Ramone,Commando: The Autobiography of Johnny Ramone,9780810996601,9780810996601
499,216,The Name Above the Title: An Autobiography,The Name Above the Title: An Autobiography,,9780306807718
1619,239,Kaffe Fassett: Dreaming in Color: An Autobiography,Kaffe Fassett: Dreaming in Color: An Autobiography,,9781584799962
823,240,The Long Haul: An Autobiography,The Long Haul: An Autobiography / Edition 1,9780807737002,9780807737002
703,242,Did They Mention the Music?: The Autobiography of Henry Mancini,Did They Mention the Music?: The Autobiography of Henry Mancini,9780815411758,9780815411758
1021,254,Never Die Easy: The Autobiography of Walter Payton,Never Die Easy: The Autobiography of Walter Payton,9780375758218,9780375758218
1818,257,Maradona: The Autobiography of Soccer's Greatest and Most Controversial Star,Maradona: The Autobiography of Soccer's Greatest and Most Controversial Star,,9781616081867
1828,257,Maradona: The Autobiography of Soccer's Greatest and Most Controversial Star,Maradona: The Autobiography of Soccer's Greatest and Most Controversial Star,,9781616081867
575,258,Bobby Whitlock: A Rock 'n' Roll Autobiography,Bob,9780786458943,9780786458943
1317,269,Jesus: My Autobiography,Jesus: My Autobiography,,2940151422512
1814,299,"Remembering Your Story, Revised Edition: Creating Your Own Spiritual Autobiography",Remembering Your Story: Creating Your Own Spiritual Autobiography,9780835809634,9780835809634
347,300,The Autobiography of St. Ignatius,The Autobiography of St. Ignatius,,9781505726435
1870,303,A Bazaar Life: The Autobiography of David Alliance,A Bazaar Life: The Autobiography of David Alliance,9781849541923,9781849541923
1538,305,Otto: the Autobiography of a Teddy Bear,Otto: The Autobiography of a Teddy Bear,9780714857664,9780714857664
38,315,Luna the Autobiography of a Super Cat,Luna the Autobiography of a Super Cat,,2940011506413
1136,317,Out of My Life and Thought: An Autobiography,Out of My Life and Thought: An Autobiography,,9781466882942
1615,325,My Silent War: The Autobiography of a Spy,My Silent War: The Autobiography of a Spy,9780375759833,9780375759833
481,340,Driving Ambition - My Autobiography,Driving Ambition - My Autobiography,9781444722161,9781444722161
347,349,The Autobiography of St. Ignatius,The Autobiography of St. Ignatius,,9781634618793
1331,350,"My Art, My Life: An Autobiography (Dover Fine Art, History of Art)","My Art, My Life: An Autobiography",9780486139098,9780486139098
1235,352,Porn King: The Autobiography of John C. Holmes,Porn King: The Autobiography of John C. Holmes,,2940152060799
230,354,Of People and Plants: The Autobiography of Europe's Most Celebrated Healer,Of People and Plants: The Autobiography of Europe's Most Celebrated Healer,9780892814374,9780892814374
263,357,Assisted: An Autobiography,Assisted: An Autobiography,,9781629730141
781,364,The Children of Sanchez: Autobiography of a Mexican Family,The Children of Sanchez: Autobiography of a Mexican Family,9780307744531,9780307744531
121,376,In Me Own Words: The Autobiography of Bigfoot (Bigfoot #1),In Me Own Words: The Autobiography of Bigfoot,9780916397845,9780916397845
1329,378,The Worlds of a Maasai Warrior: An Autobiography,The Worlds of a Maasai Warrior: An Autobiography / Edition 1,9780520063259,9780520063259
614,379,The Autobiography of G. K. Chesterton,The Autobiography of G. K. Chesterton,9781586170714,9781586170714
382,381,The Autobiography of Theodore Roosevelt,The Autobiography of Theodore Roosevelt,,2940013239296
1934,384,The Autobiography Of Joseph Stalin: A Novel,The Autobiography of Joseph Stalin: A Novel,9780306809972,9780306809972
1991,390,The Autobiography,The Autobiography,,9780241961704
648,395,Running My Life: The Autobiography,Running My Life: The Autobiography,,9781444732535
1049,397,As If: An Autobiography,As If: An Autobiography,,9780472035144
905,399,An Autobiography of Buffalo Bill (Colonel W. F. Cody),An Autobiography of Buffalo Bill (Colonel W. F. Cody),,9781495225123
1219,401,Clough: The Autobiography,Clough: The Autobiography,9780552140034,9780552140034
0,409,Managing My Life: My Autobiography,Managing My Life: My Autobiography,9780340728567,9780340728567
698,414,Smithsonian National Air and Space Museum: An Autobiography,Smithsonian National Air and Space Museum: An Autobiography,9781426206535,9781426206535
900,417,Reading the Rocks: The Autobiography of the Earth,Reading the Rocks: The Autobiography of the Earth,9780465006847,9780465006847
1496,420,Autobiography of a Georgia Cat,Autobiography Of A Georgia Cat,9781418447274,9781418447274
1175,425,Frank Lloyd Wright: An Autobiography,Frank Lloyd Wright: An Autobiography,9780764932434,9780764932434
1525,426,Marshal of Victory: The Autobiography of General Georgy Zhukov,Marshal of Victory: The Autobiography of General Georgy Zhukov,9781781592915,9781781592915
254,427,"Collected Essays 5: Philosophy, Autobiography and Miscellany","Collected Essays, Volume 5: Philosophy, Autobiography and Miscellany",9780976159230,9780976159230
1581,434,Rome: The Autobiography,Rome: The Autobiography,,9781780337548
1524,438,George Cole - The World Was My Lobster: The Autobiography,George Cole-My Autobiography: The World Was My Lobster,9781782198185,9781782198185
288,448,"Slave Testimony: Two Centuries of Letters, Speeches, Interviews, and Autobiographies","Slave Testimony: Two Centuries of Letters, Speeches, Interviews, and Autobiographies",9780807102732,9780807102732
735,455,Ansel Adams: An Autobiography,Ansel Adams: An Autobiography,9780821222416,9780821222416
36,456,My Last Sigh: The Autobiography of Luis Buñuel,My Last Sigh: The Autobiography of Luis Bunuel,9780345803702,9780345803702
941,461,"Did You Grow Up with Me, Too?: The Autobiography of June Foray","Did You Grow Up with Me, Too? - The Autobiography of June Foray",9781593934613,9781593934613
86,464,The Norton Book of American Autobiography,The Norton Book of American Autobiography,9780393046779,9780393046779
1054,465,Autobiography of Mother Jones,Autobiography Of Mother Jones,9780486436456,9780486436456
326,472,Autobiography of an Orgasm,Autobiography of an Orgasm,,9781483543369
774,474,INXS: Story to Story: The Official Autobiography,INXS: Story to Story: The Official Autobiography,,9780743290029
1731,476,Lost in a Desert World: An Autobiography,Lost in a Desert World: An Autobiography,,9781483513478
1244,477,Shocking Life: The Autobiography of Elsa Schiaparelli,Shocking Life: The Autobiography of Elsa Schiaparelli,9781851776702,9781851776702
1461,495,The Curious Autobiography of Elaine Jakes,The Curious Autobiography of Elaine Jakes,,9781480814752
93,499,Twin Tracks: The Autobiography,Twin Tracks: The Autobiography,9781849546867,9781849546867
857,501,Dance of Reality: The Psychomagical Autobiography of the Creator of El Topo and The Holy Mountain,The Dance of Reality: A Psychomagical Autobiography,9781620552810,9781620552810
1660,502,Winning Is Not Enough: The Autobiography,Winning Is Not Enough: The Autobiography,9780755315390,9780755315390
399,505,"His Promised Land: The Autobiography of John P. Parker, Former Slave and Conductor on the Underground Railroad","His Promised Land: The Autobiography of John P. Parker, Former Slave and Conductor on the Underground Railroad",9780393317183,9780393317183
844,507,Journal of a Soul: The Autobiography of Pope John XXIII,Journal of a Soul: The Autobiography of Pope John XXIII,9780385497541,9780385497541
752,509,"My Autobiography/The Political & Social Doctrine of Fascism (Books on History, Political & Social Science)",My Autobiography: With The Political and Social Doctrine of Fascism,9780486447773,9780486447773
451,512,Play of Consciousness: A Spiritual Autobiography,Play of Consciousness: A Spiritual Autobiography,9780911307818,9780911307818
199,514,Here and Now!: The Autobiography of Pat Martino,Here and Now!: The Autobiography of Pat Martino,9781617130274,9781617130274
200,514,Here and Now!: The Autobiography of Pat Martino,Here and Now!: The Autobiography of Pat Martino,9781617130274,9781617130274
1703,536,What You See Is What You Get: My Autobiography,What You See Is What You Get: My Autobiography,,9780230754737
526,541,Interesting: My Autobiography,Interesting: My Autobiography,,9781473502482
536,541,Interesting: My Autobiography,Interesting: My Autobiography,,9781473502482
1946,545,Autobiography,Autobiography,9781627936248,9781627936248
56,557,Learning to Listen: The Jazz Journey of Gary Burton: An Autobiography,Learning to Listen: The Jazz Journey of Gary Burton,9780876391402,9780876391402
347,559,The Autobiography of St. Ignatius,The Autobiography of St. Ignatius,,2940011892257
1991,573,The Autobiography,The Autobiography,,9781780227030
669,584,Autobiography of a Schizophrenic Girl,Autobiography of a Schizophrenic Girl: The True Story of Renee,9780452011335,9780452011335
33,586,Autobiography of a Spiritually Incorrect Mystic,Autobiography of a Spiritually Incorrect Mystic,9780312280710,9780312280710
411,588,When You Get There: An Autobiography,When You Get There: An Autobiography,9781599324999,9781599324999
1824,590,Mandela: An Illustrated Autobiography,Mandela: An Illustrated Autobiography,9780316550383,9780316550383
1836,592,King of the Wild Frontier: An Autobiography by Davy Crockett,King of the Wild Frontier: An Autobiography,9780486476919,9780486476919
396,600,Autobiography,Andrew Wyeth: Autobiography,9780821225691,9780821225691
435,601,"Mountain Wolf Woman, Sister of Crashing Thunder: The Autobiography of a Winnebago Indian","Mountain Wolf Woman, Sister of Crashing Thunder: The Autobiography of a Winnebago Indian / Edition 1",9780472061099,9780472061099
225,602,The River of No Return: The Autobiography of a Black Militant and the Life and Death of SNCC,The River of No Return: The Autobiography of a Black Militant and the Life and Death of SNCC / Edition 1,9780878054749,9780878054749
806,610,Monodies and On the Relics of Saints: The Autobiography and a Manifesto of a French Monk from theTime of the Crusades,Monodies and On the Relics of Saints: The Autobiography and a Manifesto of a French Monk from the Time of the Crusades,9780143106302,9780143106302
701,618,Bruno Sammartino: An Autobiography of Wrestling's Living Legend,Bruno Sammartino: an Autobiography of Wrestling's Living Legend,9781440476983,9781440476983
229,619,Spiritual Autobiography: Discovering and Sharing Your Spiritual Story,Spiritual Autobiography: Discovering and Sharing Your Spiritual Story,9781576831106,9781576831106
441,620,Autobiography,Autobiography,9780852445976,9780852445976
1537,629,Telling the Stories of Life through Guided Autobiography Groups,Telling the Stories of Life through Guided Autobiography Groups / Edition 1,9780801866340,9780801866340
821,674,Autobiography of a Poodle,Autobiography of a Poodle,,9780786754083
838,705,"Interfaces: Women, Autobiography, Image, Performance","Interfaces: Women, Autobiography, Image, Performance",9780472068142,9780472068142
827,708,The Autobiography of Abbie Hoffman,The Autobiography Of Abbie Hoffman,9781568581972,9781568581972
1440,710,The Autobiography of Benjamin Franklin,The Autobiography of Benjamin Franklin,,9781497421318
905,718,An Autobiography of Buffalo Bill (Colonel W. F. Cody),An Autobiography of Buffalo Bill (Colonel W. F. Cody),,9783655118917
1555,719,The Autobiography of Mulan (Book One of the Princess Series),The Autobiography of Mulan (Book One of the Princess Series),,2940012363275
161,727,The Autobiography of W.E.B. Du Bois: A Soliloquy on Viewing My Life from the Last Decade of Its First Century,The Autobiography of W. E. B. Du Bois: A Soliloquy on Viewing My Life from the Last Decade of Its First Century,9780717802340,9780717802340
1161,728,Autobiography of a People: Three Centuries of African American History Told by Those Who Lived It,Autobiography of a People: Three Centuries of African American History Told,9780385492799,9780385492799
1225,738,Come Up and Get Me: An Autobiography of Colonel Joe Kittinger,Come up and Get Me: An Autobiography of Colonel Joe Kittinger,9780826348043,9780826348043
1901,740,The Autobiography of William Carlos Williams,The Autobiography of William Carlos Williams,9780811202268,9780811202268
114,743,The Life of Teresa of Jesus: The Autobiography of Teresa of Avila,Life Of Teresa Of Jesus: The Autobiography Of Teresa Of Avila,9780385011099,9780385011099
385,750,Black Hawk: AN AUTOBIOGRAPHY,Black Hawk: An Autobiography,9780252723254,9780252723254
1758,751,He Touched Me: An Autobiography,He Touched Me: An Autobiography,9780785266006,9780785266006
1365,766,Ralph Rucci: Autobiography of a Fashion Designer,Ralph Rucci: Autobiography of a Fashion Designer,9780983863298,9780983863298
10,769,A Man Called White: The Autobiography of Walter White,A Man Called White: The Autobiography of Walter White / Edition 1,9780820316987,9780820316987
488,774,General George Crook: His Autobiography,General George Crook: His Autobiography,9780806119823,9780806119823
664,776,I Walked With Giants: The Autobiography of Jimmy Heath,I Walked With Giants: The Autobiography of Jimmy Heath,9781439901984,9781439901984
1917,783,Autobiography of a Restless Mind: Reflections on the Human Condition,Autobiography of a Restless Mind: Reflections on the Human Condition,,9781475978681
1572,787,Autobiography of a Freedom Rider: My Life as a Foot Soldier for Civil Rights,Autobiography of a Freedom Rider: My Life as a Foot Soldier for Civil Rights,9780757316036,9780757316036
347,790,The Autobiography of St. Ignatius,The Autobiography of St. Ignatius,,9781463510978
1776,791,"""Therefore, Choose Life..."": An Autobiography","Therefore, Choose Life...: An Autobiography",9780870717444,9780870717444
1796,791,"""Therefore, Choose Life..."": An Autobiography","Therefore, Choose Life...: An Autobiography",9780870717444,9780870717444
285,795,Standing Fast: The Autobiography Of Roy Wilkins,Standing Fast: The Autobiography of Roy Wilkins,9780306805660,9780306805660
162,803,Grace Abounding: With Other Spiritual Autobiographies (Oxford English Texts),Grace Abounding: With Other Spiritual Autobiographies,9780199554980,9780199554980
1388,805,Beggars of Life: A Hobo Autobiography,Beggars of Life: A Hobo Autobiography,,9781902593784
1884,812,Factory Lives: Four Nineteenth-Century Working-Class Autobiographies,Factory Lives: Four Nineteenth-Century Working-Class Autobiographies (1828-1850) / Edition 1,9781551112725,9781551112725
1667,828,"Daredevil, Vol. 4: The Autobiography of Matt Murdock",Daredevil Vol. 4: The Autobiography of Matt Murdock,9780785198024,9780785198024
1825,847,"Sounds of Silence Breaking: Women, Autobiography, Curriculum","Sounds of Silence Breaking: Women, Autobiography, Curriculum (Complicated Conversation Series, Volume 1)",9780820461571,9780820461571
1826,847,"Sounds of Silence Breaking: Women, Autobiography, Curriculum","Sounds of Silence Breaking: Women, Autobiography, Curriculum (Complicated Conversation Series, Volume 1)",9780820461571,9780820461571
409,860,Buying the Night Flight: The Autobiography of a Woman Foreign Correspondent,Buying the Night Flight: The Autobiography of a Woman Foreign Correspondent,9780226289915,9780226289915
1993,867,The Abandoned Baobab: The Autobiography of a Senegalese Woman,The Abandoned Baobab: The Autobiography of a Senegalese Woman / Edition 1,9780813927374,9780813927374
1872,872,Red Autobiographies: Initiating the Bolshevik Self,Red Autobiographies: Initiating the Bolshevik Self,9780295991122,9780295991122
30,887,"Deliverance from Error: Five Key Texts Including His Spiritual Autobiography, al-Munqidh min al-Dalal","Deliverance from Error: Five Key Texts Including His Spiritual Autobiography, Al-Munqidh Min Al-Dalal",9781887752275,9781887752275
845,889,The Kindness of Strangers: The Autobiography,The Kindness of Strangers: The Autobiography,9780755310739,9780755310739
320,897,The Autobiography of Vivian,The Autobiography of Vivian,,9780345454843
1358,901,This Is Me: The Autobiography,This Is Me: The Autobiography,,9780731815739
1221,906,Autobiography of an Electron,Autobiography of an Electron,,9786051766690
2001,937,"The Gift of Stories: Practical and Spiritual Applications of Autobiography, Life Stories, and Personal Mythmaking","The Gift of Stories: Practical and Spiritual Applications of Autobiography, Life Stories, and Personal Mythmaking / Edition 1",9780897894432,9780897894432
63,949,In My Own Words: The Autobiography,In My Own Words: The Autobiography,,9781473509740
1375,968,Bully! Three Autobiographies by Theodore Roosevelt,Bully! Three Autobiographies By Theodore Roosevelt,9781604596199,9781604596199
849,975,The Autobiography of Jamgon Kongtrul: A Gem of Many Colors,Autobiography of Jamgon Kongtrul: A Gem of Many Colors,9781559391849,9781559391849
557,979,White Tiger: An Autobiography of Yang Xianyi,White Tiger: An Autobiography of Yang Xianyi,9789629960704,9789629960704
2019,989,An Autobiography: and Other Writings,An Autobiography: and Other Writings,,9780191662782
1237,1015,Seven and Nine years Among the Camanches and Apaches An Autobiography,Seven and Nine years Among the Camanches and Apaches An Autobiography,,9783655257951
1804,1017,Fernando Bujones: An Autobiography,Fernando Bujones: An Autobiography,9780615284965,9780615284965
949,1022,Autobiography of a Goat,Autobiography of a Goat,9780989928908,9780989928908
221,1026,Life of David Crockett: An Autobiography,Life of David Crockett: An Autobiography,9781594622502,9781594622502
1108,1077,Buffalo Bill Cody: An Autobiography,Buffalo Bill Cody: An Autobiography,9781495370076,9781495370076
207,1080,Tears For My City: An Autobiography of a Detroit White Boy,Tears for My City: An Autobiography of a Detroit White Boy,9781618630292,9781618630292
1107,1084,Autobiography of the Lower East Side,Autobiography of the Lower East Side,9781937997397,9781937997397
1240,1088,The Only One Living to Tell: The Autobiography of a Yavapai Indian,The Only One Living to Tell: The Autobiography of a Yavapai Indian,9780816501205,9780816501205
524,1090,Autobiography of a Yaqui Poet,Autobiography of a Yaqui Poet,9780816506286,9780816506286
534,1090,Autobiography of a Yaqui Poet,Autobiography of a Yaqui Poet,9780816506286,9780816506286
1531,1101,The Autobiography of Pops Foster: New Orleans Jazz Man,Autobiography of Pops Foster: New Orleans Jazz Man,9780879308315,9780879308315
131,1104,The Autobiography of St. Teresa of Avila Including the Relations: The Life of St. Teresa of Jesus,The Autobiography of St. Teresa of Avila - Including the Relations,9780895556035,9780895556035
123,1107,The Best that I Can Be: An Autobiography,The Best That I Can Be: An Autobiography,9780385487610,9780385487610
778,1114,Saunders Mac Lane: A Mathematical Autobiography,Saunders Mac Lane: A Mathematical Autobiography,9781568811505,9781568811505
1407,1116,Zig: The Autobiography of Zig Ziglar,Zig: The Autobiography of Zig Ziglar,9780385502979,9780385502979
1242,1119,Like a Waking Dream: The Autobiography of Geshe Lhundub Sopa,Like a Waking Dream: The Autobiography of Geshe Lhundub Sopa,9780861713134,9780861713134
724,1127,Daughter of the River: An Autobiography,Daughter of the River: An Autobiography,9780802136602,9780802136602
1162,1131,Tower Stories: The Autobiography of September 11th,"Tower Stories: The Autobiography of September 11, 2001",9780974868455,9780974868455
1357,1148,"Autobiography and Selected Letters, Volume I: Autobiography. Letters 1-50 (Loeb Classical Library No. 478)","Autobiography and Selected Letters, Volume I: Autobiography. Letters 1-50 (Loeb Classical Library)",9780674995277,9780674995277
2004,1153,"Autobiography and Selected Letters, Volume II: Letters 51-193","Autobiography and Selected Letters, Volume II: Letters 51-193 (Loeb Classical Library)",9780674995284,9780674995284
1657,1168,"Yellowtail, Crow Medicine Man and Sun Dance Chief: An Autobiography","Yellowtail, Crow Medicine Man and Sun Dance Chief: An Autobiography",9780806126029,9780806126029
439,1170,Standing on the Promises: The Autobiography of W. A. Criswell,Standing on the Promises: The Autobiography of W. A. Criswell,9780849990380,9780849990380
418,1173,The Autobiography of a Tibetan Monk,Autobiography of a Tibetan Monk,9780802135742,9780802135742
116,1174,They Shall Not Pass: The Autobiography of La Pasionaria,They Shall Not Pass: The Autobiography of La Pasionaria,9780717804689,9780717804689
602,1187,The Autobiography Of Mark Rutherford: Dissenting Minister,"Autobiography of Mark Rutherford, Dissenting Minister, 1881",9780192825940,9780192825940
1279,1197,Autobiography And Other Poems,Autobiography and Other Poems,9780915342181,9780915342181
929,1204,"Autobiography of Andrew George Salzer, an American Life","Autobiography Of Andrew George Salzer, An American Life",9780977723553,9780977723553
1656,1207,"The Arvon Book of Life Writing: Writing Biography, Autobiography and Memoir","The Arvon Book of Life Writing: Writing Biography, Autobiography and Memoir",9781408124185,9781408124185
1393,1218,"To Tell a Free Story: The First Century of Afro-American Autobiography, 1760-1865","To Tell a Free Story: The First Century of Afro-American Autobiography, 1760-1865 / Edition 1",9780252060335,9780252060335
1923,1225,Unreasonable Behaviour: An Autobiography,Unreasonable Behaviour:: An Autobiography,9780099437765,9780099437765
1057,1246,An autobiography,An autobiography,,2940017594100
1064,1246,An autobiography,An autobiography,,2940017594100
1970,1246,An autobiography,An autobiography,,2940017594100
1788,1249,I'm alive!: An autobiography,I'm Alive: An Autobiography,9780062509505,9780062509505
26,1280,William Barclay: A Spiritual Autobiography,William Barclay: A Spiritual Autobiography,9780802834645,9780802834645
337,1313,David Ginola - The Autobiography-H,David Ginola Le Magnifique: The Autobiography,9780007100996,9780007100996
387,1325,Bog-Trotter: An Autobiography with Lyrics,Bog-Trotter: An Autobiography with Lyrics,9780385147088,9780385147088
1066,1336,As If: An Autobiography,As If: An Autobiography,9780472117789,9780472117789
1049,1336,As If: An Autobiography,As If: An Autobiography,,9780472117789
1675,1355,"Tibet Is My Country: Autobiography of Thubten Jigme Norbu, Brother of the Dalai Lama as Told to Heinrich Harrer","Tibet is My Country: The Autobiography of Thubten Jigme Norbu, Brother of the Dalai Lama",9780861710454,9780861710454
314,1363,Autobiography of a Yogi,Autobiography of a Yogi,,9783502626572
1057,1426,An autobiography,An autobiography,,2940017054239
1064,1426,An autobiography,An autobiography,,2940017054239
1970,1426,An autobiography,An autobiography,,2940017054239
786,1450,Deep Probings: The Autobiography of a Genius,Deep Probings: The Autobiography of a Genius,9781902831091,9781902831091
617,1457,A Woman of Genius: The Intellectual Autobiography of Sor Juana Inés de la Cruz,Woman of Genius: The Intellectual Autobiography of Sor Juana Ines de la Cruz,9780915998159,9780915998159
1733,1458,Caroline Herschel's Autobiographies,Caroline Herschel's Autobiographies,9780905193069,9780905193069
518,1460,Amen's Boy: A Fictionalized Autobiography,Amen's Boy: A Fictionalized Autobiography,9781434445681,9781434445681
533,1460,Amen's Boy: A Fictionalized Autobiography,Amen's Boy: A Fictionalized Autobiography,9781434445681,9781434445681
880,1481,Against the Wind: An Autobiography,Against the Wind: An Autobiography,,9781504008150
2018,1504,One More Step: An Autobiography,One More Step: An Autobiography,9780670057870,9780670057870
790,1513,An Autobiography,An Autobiography,9780471180029,9780471180029
1119,1535,My Autobiography A Fragment,My Autobiography A Fragment,,9781505572674
1033,1538,The Red Parts: Autobiography of a Trial,The Red Parts: Autobiography of a Trial,9781555977368,9781555977368
1118,1545,Theme and Variations: An Autobiography,Theme and Variations: An Autobiography,9780313226359,9780313226359
640,1551,By a Stroke of Luck!: An Autobiography,By a Stroke of Luck!: An Autobiography,9780846700630,9780846700630
1991,1553,The Autobiography,The Autobiography,,9780752890876
584,1568,Autobiography of a Chinese Girl,Autobiography of a Chinese Girl,9780863580529,9780863580529
1997,1654,Push Comes to Shove: An Autobiography,Push Comes to Shove: An Autobiography,9780553073065,9780553073065
811,1676,The Autobiography of a Clown,The Autobiography of a Clown,,2940149757954
284,1678,Hashish;: The autobiography of a Red Sea smuggler,Hashish: The Autobiography of a Red Sea Smuggler,9780883730065,9780883730065
1787,1683,Not For Your Hands: An Autobiography,Not for Your Hands; An Autobiography,9781870188197,9781870188197
700,1698,One Life: An Autobiography of an African American Actress,One Life: An Autobiography of an African American Actress,9781568361970,9781568361970
275,1699,Stand and Deliver: The Autobiography,Stand and Deliver: The Autobiography,9780283070273,9780283070273
1195,1710,The Lion's Mouth: Concluding Chapters Of Autobiography,Lion's Mouth: Concluding Chapters of Autobiography,9780807608777,9780807608777
1686,1715,Autobiography [Of] Augustus John,Augustus John: An Autobiography,9780224010603,9780224010603
663,1748,Five Rounds Rapid!: The Autobiography of Nicholas Courtney,Five Rounds Rapid: The Autobiography of Nicholas Courtney,9781852277826,9781852277826
1220,1750,Obsessed: The Autobiography,Obsessed: The Autobiography,9780747272182,9780747272182
1739,1776,Parley Poet And Chanter: An Autobiography,Parley-Poet and Chanter: An Autobiography,9781899047130,9781899047130
185,1778,"Who Am I?: An Autobiography of Emotion, Mind, and Spirit","Who Am I?: An Autobiography of Emotion, Mind and Spirit",9780299166601,9780299166601
1154,1829,"Intellectual Autobiography: Ideas on Literature, Philosophy and Religion","Intellectual Autobiography: Ideas on Literature, Philosophy and Religion",9781410204233,9781410204233
1262,1836,"Billy Baldwin, an Autobiography",Billy Baldwin: An Autobiography,9780316303576,9780316303576
1440,1843,The Autobiography of Benjamin Franklin,The Autobiography of Benjamin Franklin,,9780497255800
888,1866,"A land of our own: An oral autobiography,",A Land of Our Own: An Oral Autobiography,9780399110696,9780399110696
1792,1912,Supergirls; the autobiography of an outrageous business,Supergirls; the Autobiography of an Outrageous Business,9780060121914,9780060121914
1645,1915,Law Courts in a Glass House: An Autobiography,Law Courts in a Glass House: An Autobiography,9780195795615,9780195795615
1440,1960,The Autobiography of Benjamin Franklin,The Autobiography of Benjamin Franklin,,9781313898133
39,1967,Autobiography of Countess Tolstoy,Autobiography of Countess Tolstoy,,9781406753493
1760,1987,"A Still Untitled, (Not Quite) Autobiography","Still Untitled, (Not Quite) Autobiography",9781907532115,9781907532115
394,1991,Through the Eyes of the Enemy: The Autobiography of Stanislav Lunev,Through the Eyes of the Enemy: The Autobiography of Stanislav Lunev,9780895263902,9780895263902
353,1994,Autobiography and Selected Essays,Autobiography and Selected Essays,,9781438534916
256,2021,"Hard Times: Force of Circumstance, Volume II: 1952-1962 (The Autobiography of Simone de Beauvoir)","Hard Times: Force of Circumstance II, 1952-1962: The Autobiography of Simone de Beauvoir",9781569249550,9781569249550
206,2033,The Autobiography of William Sanders Scarborough: An American Journey from Slavery to Scholarship (African American Life),The Autobiography of William Sanders Scarborough: An American Journey from Slavery to Scholarship (African American Life Series),9780814332245,9780814332245
182,2035,The Crafty Cockney: Eric Bristow: The Autobiography,The Crafty Cockney: Eric Bristow: The Autobiography,9781846055522,9781846055522
1933,2075,Contemplation and Action: The Spiritual Autobiography of a Muslim Scholar: Nasir al-Din Tusi,Contemplation and Action: The Spiritual Autobiography of a Shi'i Philosopher,9781860645235,9781860645235
1345,2079,Whitey and Mickey - An Autobiography of the Yankee Years (A Signet book),Whitey and Mickey: A Joint Autobiography of the Yankee Years,9780451079633,9780451079633
120,2092,Metaphors of Self: The Meaning of Autobiography,Metaphors of Self: The Meaning of Autobiography,9780691062211,9780691062211
750,2098,"Midlife Queer: Autobiography of a Decade, 1971-1981","Midlife Queer: Autobiography of a Decade, 1971-1981",9780299160241,9780299160241
1177,2128,The Value of Solitude: The Ethics and Spirituality of Aloneness in Autobiography,Value of Solitude: The Ethics and Spirituality of Aloneness in Autobiography / Edition 1,9780813922898,9780813922898
449,2160,The Autobiography of a Narcissist,The Autobiography Of A Narcissist,9781591138716,9781591138716
621,2222,"Sergei Prokofiev: Autobiography, Articles, Reminiscences","Sergei Prokofiev: Autobiography, Articles, Reminiscences",9780898751499,9780898751499
1813,2228,Ghana: Autobiography of Kwame Nkrumah,Ghana: Autobiography of Kwame Nkrumah,9780717802944,9780717802944
667,2229,Pataki: An Autobiography,Pataki: An Autobiography,9780670873395,9780670873395
394,2236,Through the Eyes of the Enemy: The Autobiography of Stanislav Lunev,Through the Eyes of the Enemy: The Autobiography of Stanislav Lunev,9780895263902,9780895263902
262,2254,The Real McRae: The Autobiography of the People's Champion,The Real McRae: The Autobiography of the People's Champion,9780091880903,9780091880903
1057,2270,An autobiography,An autobiography,,2940017900680
1064,2270,An autobiography,An autobiography,,2940017900680
1970,2270,An autobiography,An autobiography,,2940017900680
596,2279,White Lightning: The Autobiography,White Lightning: The Autobiography,9780002188883,9780002188883
1353,2292,The Autobiography Box: A Step-by-Step Kit for Examining the Life Worth Living,The Autobiography Box: A Step-,9780811826730,9780811826730
994,2296,"Picasso, Art as Autobiography",Picasso: Art as Autobiography,9780226284835,9780226284835
1457,2325,Awakenings: A Translation of Marcel's Autobiography,Awakenings: A Translation of Gabriel Marcel's Autobiography,9780874626537,9780874626537
1478,2325,Awakenings: A Translation of Marcel's Autobiography,Awakenings: A Translation of Gabriel Marcel's Autobiography,9780874626537,9780874626537
1036,2326,Notes from a Wayfarer: The Autobiography of Helmut Thielicke,Notes from a Wayfarer: The Autobiography of Helmut Thielicke,9781557787088,9781557787088
1102,2338,Bitch!: The Autobiography of Lady Lawford,Bitch!: The Autobiography of Lady Lawford,9780828321174,9780828321174
100,2340,Fire in the Rain...Singer in the Storm: An Autobiography,Fire in the Rain...Singer in the Storm: An Autobiography,9780688109646,9780688109646
1044,2341,A Poetics Of Women's Autobiography: Marginality And The Fictions Of Self Representation,Poetics of Women's Autobiography: Marginality and the Fictions of Self-Representation,9780253345059,9780253345059
228,2345,From GED to PhD: The Autobiography of Dr. Bon Blossman,From GED to PhD: The Autobiography of Dr. Bon Blossman,,9780985036331
1850,2352,"Haunch, paunch and jowl; an anonymous autobiography","Haunch, paunch and jowl; an anonymous autobiography",,2940019935215
1841,2357,Hollywood Red: The Autobiography of Lester Cole,Hollywood Red: The Autobiography of Lester Cole,9780878670857,9780878670857
784,2375,I'm an endangered species: The autobiography of a free enterpriser,I'm an Endangered Species: The Autobiography of a Free Enterpriser,9780884152583,9780884152583
47,2379,Service of Ladies: An Autobiography,Service of Ladies: An autobiography,9781843830955,9781843830955
1096,2384,Autobiography of an Indian indentured labourer,Autobiography of an Indian Indentured Labourer,9788175412439,9788175412439
898,2402,The Modern World of Neith Boyce: Autobiography and Diaries,The Modern World of Neith Boyce: Autobiography and Diaries,9780826331472,9780826331472
226,2411,"Truth, Love & a Little Malice: An Autobiography","Truth, Love and a Little Malice: An Autobiography",9780670049165,9780670049165
1689,2424,The Doctor's House: An Autobiography,The Doctor's House: An Autobiography,9781903392393,9781903392393
1783,2424,The Doctor's House: An Autobiography,The Doctor's House: An Autobiography,9781903392393,9781903392393
1488,2463,The Green Snake: An Autobiography,The Green Snake: An Autobiography,9780863157615,9780863157615
1293,2481,A Life in the Movies: An Autobiography,My Life in the Movies: An Autobiography,9780684190501,9780684190501
1172,2482,To an ancient people: The autobiography of Dr. Leopold Cohn,To an Ancient People: The Autobiography of Rabbi Leopold Cohn,9781882675067,9781882675067
1920,2491,McCoy: The Autobiography. A.P. McCoy with Steve Taylor,Mccoy The Autobiography,9780141007922,9780141007922
776,2500,By Jack Rosenthal: An Autobiography in Six Acts,By Jack Rosenthal: An Autobiography in Six Acts,9781861057488,9781861057488
519,2528,Keeping Quiet The Autobiography,Keeping Quiet: Paul Nixon: The Autobiography,9780752476469,9780752476469
528,2528,Keeping Quiet The Autobiography,Keeping Quiet: Paul Nixon: The Autobiography,9780752476469,9780752476469
83,2534,Rebel Daughter : An Autobiography,Rebel Daughter: An Autobiography,9781550139303,9781550139303
158,2541,The Autobiography,Betty Boothroyd Autobiography,9780099427049,9780099427049
1544,2546,Far Away and Long Ago - Autobiography of His Youth,Far Away And Long Ago - Autobiography Of His Youth,9781443733847,9781443733847
907,2549,A Right Royal Bastard: The Autobiography of Sarah Miles,Right Royal Bastard: The Autobiography of Sarah Miles,9780333601402,9780333601402
888,2553,"A land of our own: An oral autobiography,",A Land of Our Own: An Oral Autobiography,9780399110696,9780399110696
600,2610,The Beat Of My Drum: An Autobiography,The Beat of My Drum: An Autobiography,9781592133543,9781592133543
618,2617,"The Court Years, 1939-1975: The Autobiography of William O. Douglas","Court Years, Nineteen Thirty-Nine to Nineteen Seventy-Five: The Autobiography of William O. Douglas",9780394492407,9780394492407
1554,2628,Worlds Apart: The Autobiography of a Dancer from Brooklyn,Worlds Apart: The Autobiography of a Dancer from Brooklyn,9780983687801,9780983687801
549,2635,Boundless Horizons: The Autobiography of Chris Bonington,Boundless Horizons: The Autobiography of Chris Bonington,9780898867558,9780898867558
1057,2663,An autobiography,An autobiography,,2940016849225
1064,2663,An autobiography,An autobiography,,2940016849225
1970,2663,An autobiography,An autobiography,,2940016849225
1763,2664,Concession To The Improbable: An Unconventional Autobiography,Concession to the Improbable: An Unconventional Autobiography,9780300021431,9780300021431
722,2670,The Blue Hen's Chick: An Autobiography,The Blue Hen's Chick: An Autobiography,9780803270381,9780803270381
1553,2680,Untamed: The Autobiography of the Circus's Greatest Animal Trainer,Untamed: The Autobiography of the Circus' Greatest Animal Trainer,9780688086459,9780688086459
1106,2709,Hand in the Darkness: The Autobiography of a Refusenik,A Hand in the Darkness: The Autobiography of a Refusenik,9780446393256,9780446393256
1152,2714,The Autobiography of Alexander Luria: A Dialogue with the Making of Mind,The Autobiography of Alexander Luria A Dialogue With the Making of Mind,9780805854992,9780805854992
1991,2715,The Autobiography,The Autobiography,,2940026618460
980,2721,The Autobiography of Fukuzawa Yukichi,The Autobiography Of Fukuzawa Yukichi,9781447423256,9781447423256
920,2740,Woman of No Character: An Autobiography of Mrs. Manley,A Woman of No Character: An Autobiography of Mrs. Manley,9780571146659,9780571146659
1730,2757,Guide to Mormon Diaries & Autobiographies,Guide to Mormon Diaries and Autobiographies,9780842514781,9780842514781
1787,2773,Not For Your Hands: An Autobiography,Not for Your Hands; An Autobiography,9781870188197,9781870188197
443,2809,Autobiography,Autobiography,9780334027089,9780334027089
327,2836,Anthropology and Autobiography,Anthropology and Autobiography,9780415051897,9780415051897
417,2869,The Autobiography of Meatball Finkelstein,The Autobiography Of Meatball Finkelstein,9780440417095,9780440417095
973,2871,Cathy: My Autobiography,Cathy: My Autobiography,9781904317777,9781904317777
1057,2909,An autobiography,An autobiography,,2940017594216
1064,2909,An autobiography,An autobiography,,2940017594216
1970,2909,An autobiography,An autobiography,,2940017594216
1199,2915,Words to Win: The Making of a Modern Autobiography,Words to Win: The Making of a Modern Autobiography,9789381017906,9789381017906
1991,2925,The Autobiography,The Autobiography,,9781409131670
1271,2934,Fading into the Limelight: The Autobiography,Fading into the Limelight: The Autobiography,9780752875965,9780752875965
1318,2958,Bluebeard: The Autobiography of Rabo Karabekian (1916-1988),Bluebeard: The Autobiography of Rabo Karabekian (1916-1988),,9781511323642
153,2965,Dick Johnson Autobiography,Dick Johnson Autobiography,9781742759777,9781742759777
912,2971,Elizabeth of Toro: The Odyssey of an African Princess: An Autobiography,Elizabeth of Toro: The Autobiography of an African Princess,9780671673963,9780671673963
1246,2973,Lydia Mendoza: A Family Autobiography,Lydia Mendoza: A Family Autobiography,9781558850651,9781558850651
1255,2973,Lydia Mendoza: A Family Autobiography,Lydia Mendoza: A Family Autobiography,9781558850651,9781558850651
1760,2978,"A Still Untitled, (Not Quite) Autobiography","Still Untitled, (Not Quite) Autobiography",9781907532115,9781907532115
363,3039,Julian Assange - The Unauthorised Autobiography,Julian Assange - The Unauthorised Autobiography,9780857863843,9780857863843
1057,3059,An autobiography,An autobiography,,2940017594124
1064,3059,An autobiography,An autobiography,,2940017594124
1970,3059,An autobiography,An autobiography,,2940017594124
514,3081,P.S.: The Autobiography of Paul Simon,P.S.: The Autobiography of Paul Simon,9781566251129,9781566251129
529,3081,P.S.: The Autobiography of Paul Simon,P.S.: The Autobiography of Paul Simon,9781566251129,9781566251129
251,3087,The Autobiography of a Fisherman,The Autobiography of a Fisherman,9780802093936,9780802093936
1913,3109,Voices Made Flesh: Performing Women'S Autobiography,Voices Made Flesh : Performing Women's Autobiography / Edition 1,9780299184247,9780299184247
1915,3109,Voices Made Flesh: Performing Women'S Autobiography,Voices Made Flesh : Performing Women's Autobiography / Edition 1,9780299184247,9780299184247
1272,3127,Writing My Life: An Autobiography,Writing My Life: An Autobiography,9780876859094,9780876859094
1097,3133,Autobiography of Jefferson Davis [1890],Autobiography of Jefferson Davis [1890],,2940012704610
1393,3134,"To Tell a Free Story: The First Century of Afro-American Autobiography, 1760-1865","To Tell a Free Story: The First Century of Afro-American Autobiography, 1760-1865 / Edition 1",9780252060335,9780252060335
1342,3140,The Green Paradise: Autobiography Volume 1 (1900-1916),Green Paradise: An Autobiography,9780714529554,9780714529554
775,3145,"Contesting Childhood: Autobiography, Trauma, and Memory","Contesting Childhood: Autobiography, Trauma, and Memory",9780813546643,9780813546643
20,3179,Mostly on the Edge: An Autobiography,"Mostly on the Edge: Karl Hess, an Autobiography",9781573926874,9781573926874
1239,3199,Writing the South through the Self: Explorations in Southern Autobiography,Writing the South through the Self: Explorations in Southern Autobiography,9780820337678,9780820337678
546,3270,The Course of My Life: The Autobiography of Edward Heath,Course of My Life: The Autobiography of Edward Heath,9780340708521,9780340708521
548,3270,The Course of My Life: The Autobiography of Edward Heath,Course of My Life: The Autobiography of Edward Heath,9780340708521,9780340708521
1296,3291,The Autobiography of William Butler Yeats,"The Autobiography of William Butler Yeats: Consisting of Reveries over Chilhood and Youth, the Trembling of the Veil, and Dramatis Personae",9780020555803,9780020555803
1002,3296,Barbara Hepworth Pictorial Autobiography,Barbara Hepworth: A Pictorial Autobiography,9780946590339,9780946590339
1059,3298,Autobiography,Autobiography,9780714509778,9780714509778
473,3323,Miracles of Life: Shanghai to Shepperton: An Autobiography,Miracles of Life: Shanghai to Shepperton: An Autobiography,9780007270729,9780007270729
353,3331,Autobiography and Selected Essays,Autobiography and Selected Essays,,2940012717672
478,3333,The Autobiography of Christopher Kirkland,The Autobiography Of Christopher Kirkland,9781906469221,9781906469221
1018,3336,I Sell Death - Autobiography of a Terrorist,I Sell Death: Autobiography of a Terrorist,9781505606751,9781505606751
1502,3337,Invented Symbols: An Art Autobiography,Invented Symbols: An Art Autobiography,9788881588404,9788881588404
1788,3359,I'm alive!: An autobiography,I'm Alive: An Autobiography,9780062509505,9780062509505
840,3377,Too Rich and Too Thin: Not an Autobiography,Too Rich and Too Thin: Not an Autobiography,9781590806418,9781590806418
756,3379,"Milton Berle: An Autobiography, with a New Introduction by Sid Caesar",Milton Berle: An Autobiography,9781557835857,9781557835857
716,3379,Milton Berle: An Autobiography,Milton Berle: An Autobiography,,9781557835857
1683,3379,Milton Berle: An Autobiography,Milton Berle: An Autobiography,,9781557835857
1040,3384,A Weight Off My Mind: My Autobiography,A Weight Off My Mind: My Autobiography,9781908216069,9781908216069
134,3390,My Autobiography,Will Carling: My Autobiography,9780340696583,9780340696583
1939,3414,True: The Autobiography of Martin Kemp,True: Autobiography of Martin Kemp,9780752832647,9780752832647
1308,3450,The Time of My Life: An Autobiography,The Time of My Life: An Autobiography,9780717116157,9780717116157
834,3458,Satan: An Autobiography,Satan: An Autobiography,9781571896100,9781571896100
1154,3460,"Intellectual Autobiography: Ideas on Literature, Philosophy and Religion","Intellectual Autobiography: Ideas on Literature, Philosophy and Religion",9781410204233,9781410204233
577,3470,Slovo: The Unfinished Autobiography of ANC leader Joe Slovo,Slovo: The Unfinished Autobiography of ANC leader Joe Slovo,9781875284955,9781875284955
255,3481,Dear Sir or Madam: The Autobiography of a Female-To-Male Transsexual,Dear Sir or Madam?: The Autobiography of a Female-to-Male Transsexual,9780304333943,9780304333943
1125,3489,The Story of Rose O'Neill: An Autobiography,The Story of Rose O'Neill: An Autobiography,9780826211064,9780826211064
1492,3507,Behind the Scrum: The Autobiography,Behind the Scrum: The Autobiography,9780752876764,9780752876764
53,3516,King of Fashion: The Autobiography of Paul Poiret,King of Fashion: The Autobiography of Paul Poiret,9781851775644,9781851775644
863,3537,Bob Wilson: My Autobiography,Bob Wilson: My Autobiography,9781840328615,9781840328615
656,3619,Free Association: An Autobiography,Free Association: An Autobiography,9780571192694,9780571192694
1006,3625,Picturing Ourselves: Photography and Autobiography,Picturing Ourselves: Photography and Autobiography / Edition 2,9780226731476,9780226731476
924,3627,Ulrike Ottinger: The Autobiography of Art Cinema,Ulrike Ottinger: The Autobiography of Art Cinema,9780816653317,9780816653317
700,3630,One Life: An Autobiography of an African American Actress,One Life: An Autobiography of an African American Actress,9781568361970,9781568361970
1118,3646,Theme and Variations: An Autobiography,Theme and Variations: An Autobiography,9780313226359,9780313226359
990,3649,Lester: The Autobiography of Lester Piggott,Lester: The Autobiography of Lester Piggott,9780552141536,9780552141536
1387,3650,"Autobiography of George Dewey, Admiral of the Navy",Autobiography of Admiral George Dewey: Admiral of the Navy,9780870210280,9780870210280
111,3662,Unfinished Agenda: An Updated Autobiography,Unfinished Agenda: An Updated Autobiography,9781606088050,9781606088050
1810,3688,Autobiography of Hector Berlioz - 2 Volume Set,"Autobiography of Hector Berlioz (2 Volume Set): Member of the Institute of France, from 1803 to 1806; Comprising his Travels in Italy, Germany, Russia, and England",9781108031943,9781108031943
356,3700,The Autobiography of a Winnebago Indian,"Autobiography of a Winnebago Indian: Life, Ways, Acculturation, and the Peyote Cult",9780486200965,9780486200965
2077,510,Me and Rumi: The Autobiography of Shams-i Tabrizi,Me and Rumi the Autobiography of Shams-I Tabrizi,9781887752527,9781887752527
2110,159,Crusade for Justice: The Autobiography of Ida B. Wells,Crusade for Justice: The Autobiography of IDA B. Wells,9780226893440,9780226893440
2121,26,"Autobiography of Mark Twain, Volume 2: The Complete and Authoritative Edition","Autobiography of Mark Twain, Volume 2: The Complete and Authoritative Edition",9780520272781,9780520272781
2126,1504,One More Step: An Autobiography,One More Step: An Autobiography,9780670057870,9780670057870
2127,989,An Autobiography: and Other Writings,An Autobiography: and Other Writings,,9780191662782
2132,239,Dreaming in Color: An Autobiography,Kaffe Fassett: Dreaming in Color: An Autobiography,9781584799962,9781584799962
2143,894,The Autobiography of an Idea,The Autobiography of an Idea,9780486202815,9780486202815
2162,1286,To the Fairway Born: The Autobiography,To the Fairway Born: The Autobiography,9780755314720,9780755314720
2188,556,Eric Bristow: The Autobiography: The Crafty Cockney,Eric Bristow: The Autobiography: The Crafty Cockney,,9781409063162
2204,482,Who's Crazee Now?: My Autobiography,Who's Crazee Now?: My Autobiography,,9781446407431
2208,1578,"Actor/Doctor: An Autobiography, Part 1","Actor/Doctor: An Autobiography, Part 1",9781500193829,9781500193829
2226,1093,Fighting Tuscarora: The Autobiography of Chief Clinton Rickard,Fighting Tuscarora: The Autobiography of Chief Clinton Rickard,9780815601906,9780815601906
2231,605,The Autobiography of Calvin Coolidge,"Autobiography Of Calvin Coolidge, The",9781410216229,9781410216229
2246,1633,Caribbean Autobiography: Cultural Identity and Self-representation (Wisconsin Studies in Autobiography),Caribbean Autobiography: Cultural Identity and Self-Representation,9780299176945,9780299176945
2264,1594,The Uses of Autobiography,The Uses Of Autobiography,9780748403660,9780748403660
2269,1944,The Autobiography Of An Attitude,The Autobiography of an Attitude,9780403007585,9780403007585
2278,1628,Autobiography of an African,Autobiography of an African,9780837156538,9780837156538
2308,1332,Sketches For Autobiography,Sketches for Autobiography,9780049280410,9780049280410
2311,842,Unauthorised Autobiography,Unauthorised Autobiography,,2940013035492
2313,1598,The Autobiography of Satan,The Autobiography of Satan,9781445551159,9781445551159
2319,833,Fragments of an Autobiography,Fragments Of An Autobiography,9781406857412,9781406857412
2321,175,My Bloody Roots: From Sepultura to Soulfly and beyond - The Autobiography,My Bloody Roots: From Sepultura to Soulfly and beyond - The Autobiography,9781908279637,9781908279637
2323,782,"And Speaking of Scorpions...: Autobiography of Former Scorpions Drummer Herman ""Ze German"" Rarebell",And Speaking of Scorpions...: Autobiography of Former Scorpions Drummer Herman Ze German Rarebell,9781463601102,9781463601102
2328,238,A Pilgrim's Journey: The Autobiography of St. Ignatius of Loyola,A Pilgrim's Journey: The Autobiography of Ignatius of Loyola,9780898708103,9780898708103
2332,947,My Life of Love and Truth: A Spiritual Autobiography,My Life of Love and Truth: A Spiritual Autobiography,9781899324194,9781899324194
2350,1442,Autobiography of Childhood,Autobiography of Childhood,9781552452523,9781552452523
2360,450,And the Walls Came Tumbling Down: An Autobiography,And the Walls Came Tumbling Down: An Autobiography,9781569762790,9781569762790
2364,609,Without Stopping: An Autobiography,Without Stopping: An Autobiography,9780061137419,9780061137419
2371,252,The Totally Secret Origin of Foxman: Excerpts from an EPIC Autobiography: A Tor.Com Original,The Totally Secret Origin of Foxman: Excerpts from an EPIC Autobiography: A Tor.Com Original,9781466892422,9781466892422
2372,6,The Autobiography of James T. Kirk,The Autobiography of James T. Kirk,,9781783297467
2373,1665,Autobiography of an Artist: Charles R. Knight (Introductions by Ray Bradbury & Ray Harryhausen),Autobiography of an Artist: Charles R. Knight (Introductions,9780966010671,9780966010671
2383,729,The Autobiography of LeRoi Jones,The Autobiography of LeRoi Jones,9781556522314,9781556522314
2395,474,INXS: Story to Story: The Official Autobiography,INXS: Story to Story: The Official Autobiography,,9780743290029
2419,689,My Quests for Hope and Meaning: An Autobiography,My Quests for Hope and Meaning: An Autobiography,,9781620327128
2448,752,Beyond the Light Barrier: The Autobiography of Elizabeth Klarer,Beyond the Light Barrier: The Autobiography of Elizabeth Klarer,,9781891824777
2456,892,"My History, Not Yours: The Formation of Mexican American Autobiography","My History, Not Yours: The Formation of Mexican American Autobiography / Edition 1",9780299139742,9780299139742
2475,923,The Autobiography of Frau Adolf Hitler: Translated and Edited by Frank Sanello,The Autobiography of Frau Adolf Hitler,9781477581728,9781477581728
2477,736,"A Lakota War Book from the Little Bighorn: The Pictographic ""Autobiography of Half Moon""",A Lakota War Book from the Little Bighorn: The Pictographic ''Autobiography of Half Moon'',9780981885865,9780981885865
2478,923,The Autobiography of Frau Adolf Hitler: Translated and Edited by Frank Sanello,The Autobiography of Frau Adolf Hitler,9781477581728,9781477581728
2479,736,"A Lakota War Book from the Little Bighorn: The Pictographic ""Autobiography of Half Moon""",A Lakota War Book from the Little Bighorn: The Pictographic ''Autobiography of Half Moon'',9780981885865,9780981885865
2483,1087,"Billy ""the Hill"" and the Jump Hook: The Autobiography of a Forgotten Basketball Legend",Billy the Hill and the Jump Hook: The Autobiography of a Forgotten Basketball Legend,9780803246874,9780803246874
2485,731,Flight into Freedom and Beyond: The Autobiography of the Co-Founder of the Findhorn Community,Flight into Freedom and Beyond: The Autobiography of the Co-Founder of the Findhorn Community,9781899171644,9781899171644
2486,1087,"Billy ""the Hill"" and the Jump Hook: The Autobiography of a Forgotten Basketball Legend",Billy the Hill and the Jump Hook: The Autobiography of a Forgotten Basketball Legend,9780803246874,9780803246874
2491,1298,Force of Circumstance: The Autobiography of Simone de Beauvoir,Force of Circumstance: The Autobiography of Simone de Beauvoir,9781557785244,9781557785244
2492,615,Hound Dog: The Leiber & Stoller Autobiography,Hound Dog: The Leiber and Stoller Autobiography,9781416559399,9781416559399
2498,1690,The Autobiography of a Chinese Girl: A Genuine Autobiography,Autobiography of a Chinese Girl,9780710310415,9780710310415
2500,1690,The Autobiography of a Chinese Girl: A Genuine Autobiography,Autobiography of a Chinese Girl,9780710310415,9780710310415
2501,264,My Side of Life: The Autobiography,My Side of Life: The Autobiography,,9780753556047
2505,832,Abba Eban: An Autobiography,Abba Eban: An Autobiography,,2940150068360
2509,1783,Come What May: The Autobiography,Come What May: The Autobiography,,9780141959788
2520,132,Alibi: an unauthorized autobiography,Alibi: an unauthorized autobiography,9781609840235,9781609840235
2543,2001,A Tejano Son of Texas: An Autobiography,A Tejano Son of Texas: An Autobiography,9780972251006,9780972251006
2560,1453,The Proper Charlie: My Autobiography,The Proper Charlie: My Autobiography,,9781845028909
2574,2001,A Tejano Son of Texas: An Autobiography,A Tejano Son of Texas: An Autobiography,9780972251006,9780972251006
2595,711,The Compleated Autobiography of Benjamin Franklin,Compleated Autobiography of Benjamin Franklin,9780895260338,9780895260338
2626,504,D-Day Survivor: An Autobiography,D-Day Survivor: An Autobiography,,9781589804210
2636,1428,Jane Eyre: An Autobiography,Jane Eyre: An Autobiography,,9781456455743
2636,1707,Jane Eyre: An Autobiography,Jane Eyre: An Autobiography,,2940034249359
2640,829,Autobiography (Dodo Press),Autobiography (Dodo Press),9781409943648,9781409943648
2657,504,D-Day Survivor: An Autobiography,D-Day Survivor: An Autobiography,,9781589804210
2659,451,An Autobiography of Theodore Roosevelt,An Autobiography of Theodore Roosevelt,,9781616083526
2661,517,"Under My Skin: Volume One of My Autobiography, to 1949","Under My Skin: Volume One of My Autobiography, to 1949",9780060926649,9780060926649
2695,1783,Come What May: The Autobiography,Come What May: The Autobiography,,9780141959788
2706,132,Alibi: an unauthorized autobiography,Alibi: an unauthorized autobiography,9781609840235,9781609840235
2717,1428,Jane Eyre: An Autobiography,Jane Eyre: An Autobiography,,9781456455743
2717,1707,Jane Eyre: An Autobiography,Jane Eyre: An Autobiography,,2940034249359
2720,829,Autobiography (Dodo Press),Autobiography (Dodo Press),9781409943648,9781409943648
2726,931,"His Majesty, the Queen: An Autobiography","His Majesty, the Queen: An Autobiography",9780692284377,9780692284377
2735,1546,Life on a Plate: The Autobiography,Life on a Plate: The Autobiography,9781409139218,9781409139218
2748,1366,Autobiography of a Redneck Hindu,Autobiography of a Redneck Hindu,9781419662140,9781419662140
2756,1042,The Autobiography of Charles Darwin,The Autobiography of Charles Darwin,,9781412160766
2764,1936,Write Your Own Autobiography,Write Your Own Autobiography,9780756535254,9780756535254
2778,1158,An Autobiography: The Story of the Lord's Dealings with Mrs. Amanda Smith the Colored Evangelist,An Autobiography: The Story of the Lord's Dealings with Mrs. Amanda Smith the Colored Evangelist,9780195052619,9780195052619
2783,762,"The Colored Cadet at West Point: Autobiography of Lieutenant Henry Ossian Flipper, U. S. A., First Graduate of Color from the U. S. Military Academy","The Colored Cadet at West Point: Autobiography of Lieutenant Henry Ossian Flipper, U. S. A., First Graduate of Color from the U. S. Military Academy",9780803268906,9780803268906
2797,257,Maradona: The Autobiography of Soccer's Greatest and Most Controversial Star,Maradona: The Autobiography of Soccer's Greatest and Most Controversial Star,,9781616081867
2806,1615,Once a Blue Always a Blue: The Autobiography of Richard Edghill,Once a Blue Always a Blue: The Autobiography of Richard Edghill,,9781909626881
2842,1033,A Little History of My Forest Life: An Indian-White Autobiography,A Little History of My Forest Life: An Indian-White Autobiography,9780970260628,9780970260628
2846,1030,"A Personal Memoir: Fragments of an Autobiography: Complete Writings, Volume I","A Personal Memoir, Complete Writings, Volume 1: Fragments for an Autobiography",9780253354891,9780253354891
2854,916,"The Biography and Autobiography of Sherlock Holmes: Being a one volume, two book edition of My Brother, Sherlock and Montague Notations","The Biography and Autobiography of Sherlock Holmes: Being a one volume, two book edition of My Brother, Sherlock and Montague Notations",9781491036860,9781491036860
2856,493,The Good Life: The Autobiography Of Tony Bennett,The Good Life: The Autobiography Of Tony Bennett,9781451634990,9781451634990
2866,908,FROM A TO BIBA: The Autobiography of Barbara Hulanicki,FROM A TO BIBA: The Autobiography of Barbara Hulanicki,,9781851776696
2877,1113,Bread Not Stones: The Autobiography of an Eventful Life,Bread Not Stones: The Autobiography of an Eventful Life,9781782798040,9781782798040
2886,1113,Bread Not Stones: The Autobiography of an Eventful Life,Bread Not Stones: The Autobiography of an Eventful Life,9781782798040,9781782798040
2899,935,The Autobiography of an ExtraTerrestrial Saga: Waking Thyron,The Autobiography of an ExtraTerrestrial Saga: Waking Thyron,,9781496953407
2909,1724,Just A Step - The Autobiography of Leanne Grose,Just A Step - The Autobiography of Leanne Grose,9781906229474,9781906229474
2929,1251,True to Type: An Autobiography of Ruari McLean,True to Type: An Autobiography of Ruari McLean,9781884718960,9781884718960
2933,303,A Bazaar Life: The Autobiography of David Alliance,A Bazaar Life: The Autobiography of David Alliance,,9781849541923
2940,276,Israel Rank: The Autobiography of a Criminal,Israel Rank: The Autobiography of a Criminal,,9781500857806
2940,691,Israel Rank: The Autobiography of a Criminal,Israel Rank: The Autobiography of a Criminal,,9780571315451
2941,1553,Keep Smiling: The Autobiography,The Autobiography,9780752890876,9780752890876
2943,749,In a Fisherman's Language: An Autobiography by Captain James Arruda Henry,In a Fisherman's Language: An Autobiography,9780985747107,9780985747107
2952,2002,Act Like You Know: African-American Autobiography and White Identity,Act Like You Know: African-American Autobiography and White Identity / Edition 2,9780226735276,9780226735276
2958,1310,Man Without A Face: The Autobiography Of Communism's Greatest Spymaster,Man Without A Face / Edition 1,9781891620126,9781891620126
2967,808,The Autobiography I Wrote Begins at a Zaghawa Village in Darfur,The Autobiography I Wrote Begins at a Zaghawa Village in Darfur,9781452025872,9781452025872
2991,1421,Napoleon on Napoleon: An Autobiography of the Emperor,Napoleon on Napoleon: An Autobiography of the Emperor,9780304344550,9780304344550
3004,1059,Dior by Dior Deluxe Edition: The Autobiography of Christian Dior,Dior,9781851778690,9781851778690
3024,488,"Autobiography, Poor Richard, and Later Writings (Library of America: Benjamin Franklin #2)","Benjamin Franklin: Autobiography, Poor Richard, and Later Writings",9781883011536,9781883011536
3030,1732,Gaby Brimmer: An Autobiography in Three Voices (HBI Series on Jewish Women),Ga,9781584657583,9781584657583
3043,695,Reading Arab Women's Autobiographies: Shahrazad Tells Her Story,Reading Arab Women's Autobiographies,9780292705456,9780292705456
3046,198,The Autobiography of Saint Therese: The Story of a Soul,The Autobiography of Saint Therese: The Story of a Soul,9780307778086,9780307778086
3059,952,My Fight For Irish Freedom: Dan Breen's Autobiography,My Fight For Irish Freedom: Dan Breen's Autobiography,,9781781170281
3075,853,My Future Is in America: Autobiographies of Eastern European Jewish Immigrants,My Future Is in America: Autobiographies of Eastern European Jewish Immigrants,9780814716953,9780814716953
3078,1064,An Indian Pilgrim: An Unfinished Autobiography. This Is the First Part of the Two-Volume Original Autobiography of Subhas Chandra Bose Fi,An Indian Pilgrim: An Unfinished Autobiography. This Is the First Part of the Two-Volume Original Autobiography of Subhas Chandra Bose Fi,9781497312104,9781497312104
3085,834,Mayor: An Autobiography,Mayor: An Autobiography,9781451660722,9781451660722
3090,954,The Autobiography of Jenny X,The Autobiography of Jenny X,,2940013409125
3104,347,An Autobiography of Davy Crockett,An Autobiography of Davy Crockett,9781628731767,9781628731767
3105,1524,An Autobiography - Trans by Krishnamurthy,Autobiography,9780195603804,9780195603804
3123,1503,Dalglish: My Autobiography,Dalglish: My Autobiography,9780340660119,9780340660119
3133,734,Kids on the Loose: An Autobiography,Kids on the Loose: An Autobiography,,9781512348859
3134,123,Proud: My Autobiography,Proud: My Autobiography,,9781473502208
3189,902,With Head and Heart: The Autobiography of Howard Thurman,With Head And Heart,9780156976480,9780156976480
3203,734,Kids on the Loose: An Autobiography,Kids on the Loose: An Autobiography,,9781512348859
3261,1842,A Game of Two Halves: The Autobiography,A Game of Two Halves: The Autobiography,,9781845029265
3262,1613,Jona: Autobiography of an Exorcist,Jona: Autobiography of an Exorcist,,9781483540368
3299,1002,A Daughter of Han: The Autobiography of a Chinese Working Woman (Light on China ),A Daughter of Han: The Autobiography of a Chinese Working Woman,9780804706063,9780804706063
3320,1437,The Adventure of Living : a Subjective Autobiography,The Adventure of Living : a Subjective Autobiography,,2940148195481
3327,2000,The Autobiography of Donovan: The Hurdy Gurdy Man,The Autobiography Of Donovan,9780312364342,9780312364342
3332,1118,The Autobiography of Lincoln Steffens,The Autobiography of Lincoln Steffens,9781597140164,9781597140164
3334,253,The Test: My Autobiography,The Test: My Autobiography,,9780241962695
3335,726,Written by Herself: Autobiographies of American Women: An Anthology (Written by Herself #1),Written,9780679736332,9780679736332
3343,390,The Autobiography,The Autobiography,,9780241961704
3343,573,The Autobiography,The Autobiography,,9781780227030
3343,1553,The Autobiography,The Autobiography,,9780752890876
3344,158,I Shock Myself: The Autobiography of Beatrice Wood,I Shock Myself: The Autobiography of Beatrice Wood,9780811853613,9780811853613
3345,1807,Christine Jorgensen: A Personal Autobiography,Christine Jorgensen: A Personal Autobiography,,9781573441001
3350,1414,Countdown: An Autobiography,Countdown: An Autobiography,9780688079291,9780688079291
3351,621,Illumination and Night Glare: The Unfinished Autobiography of Carson McCullers,Illumination and Night Glare: The Unfinished Autobiography of Carson McCullers (Wisconsin Studies in Autobiography Series),9780299164447,9780299164447
3356,37,Good-Bye to All That: An Autobiography,Good-Bye to All That: An Autobiography,9780385093309,9780385093309
3366,371,The Autobiography of an African Princess,The Autobiography of an African Princess,9780230609587,9780230609587
3372,587,Cesar Chavez: Autobiography of La Causa,Cesar Chavez: Autobiography of La Causa,9780816650491,9780816650491
3375,251,Faithfull: An Autobiography,Faithfull: An Autobiography,,9781461660972
3381,765,The Bread of Time: Toward an Autobiography,The Bread of Time: Toward an Autobiography,9780472086252,9780472086252
3382,1106,Reggie White in the Trenches: The Autobiography,In the Trenches: The Autobiography,9780785271239,9780785271239
3389,12,Freeway Rick Ross: The Untold Autobiography,Freeway Rick Ross: The Untold Autobiography,9781499651539,9781499651539
3391,194,The Autobiography of Benjamin Franklin: with Related Documents,Autobiography of Benjamin Franklin: with Related Documents / Edition 2,9780312404154,9780312404154
3392,1790,Stop Forgetting to Remember: The Autobiography of Walter Kurtz,Stop Forgetting to Remember: The Autobiography of Walter Kurtz,9780307339508,9780307339508
3399,373,Diana: A Strange Autobiography,Diana: A Strange Autobiography / Edition 1,9780814726358,9780814726358
3400,599,Autobiography of a Sadhu: A Journey into Mystic India,Autobiography of a Sadhu: A Journey into Mystic India,9781594773303,9781594773303
3403,130,"""Yellow Kid"" Weil: The Autobiography of America's Master Swindler",Yellow Kid Weil: The Autobiography of America's Master Swindler,9781849350211,9781849350211
3410,843,Sun Chief: The Autobiography of a Hopi Indian,Sun Chief: The Autobiography of a Hopi Indian,9780300002270,9780300002270
3415,1322,The Living of Charlotte Perkins Gilman: An Autobiography,Living of Charlotte Perkins Gilman: An Autobiography,9780299127442,9780299127442
3418,1083,Safe Conduct: An Autobiography and Other Writings,Safe Conduct: An Autobiography and Other Writings / Edition 1,9780811201353,9780811201353
3419,9,"Autobiography of Mark Twain, Volume 3: The Complete and Authoritative Edition","Autobiography of Mark Twain, Volume 3: The Complete and Authoritative Edition",9780520279940,9780520279940
3424,764,Walking in the Shade: Volume Two of My Autobiography--1949-1962,"Walking in the Shade: Volume Two of My Autobiography, 1949 -1962",9780060929565,9780060929565
3429,1094,The Autobiography of Harry S. Truman,Autobiography of Harry S. Truman,9780826214454,9780826214454
3430,1037,Sir Bobby Charlton: The Autobiography: My Manchester United Years,Sir Bob,9780755316205,9780755316205
3431,508,As I See It: The Autobiography of J. Paul Getty,As I See It: The Autobiography of J. Paul Getty,9780892367009,9780892367009
3432,416,Benson: The Autobiography,Benson: The Autobiography,9780306822292,9780306822292
3440,395,Running My Life: The Autobiography,Running My Life: The Autobiography,,9781444732535
3447,233,Only When I Laugh: My Autobiography,Only When I Laugh: My Autobiography,,9781448146307
3449,127,Peig: The Autobiography of Peig Sayers of the Great Blasket Island,Peig: The Autobiography of Peig Sayers of the Great Blasket Island,9780815602583,9780815602583
3451,205,My House of Memories: An Autobiography,My House of Memories: An Autobiography,9780062023216,9780062023216
3457,1149,Darren Lockyer - Autobiography,Darren Lockyer - An Autobiography,9781864712735,9781864712735
3459,449,Undiluted Hocus-Pocus: The Autobiography of Martin Gardner,Undiluted Hocus-Pocus: The Autobiography of Martin Gardner,9780691159911,9780691159911
3463,1160,Happy Days: Mencken's Autobiography: 1880-1892 (H. L. Mencken's Autobiography #1),Happy Days: Mencken's Autobiography: 1880-1892,9780801885310,9780801885310
3467,585,Joey the Hitman: The Autobiography of a Mafia Killer,Joey the Hitman: The Autobiography of a Mafia Killer,9781560253938,9781560253938
3478,1122,Tony Allen: An Autobiography of the Master Drummer of Afrobeat,Tony Allen: An Autobiography of the Master Drummer of Afrobeat,9780822355915,9780822355915
3481,997,The Autobiography of Maud Gonne: A Servant of the Queen,The Autobiography of Maud Gonne: A Servant of the Queen / Edition 1,9780226302522,9780226302522
3495,501,The Dance of Reality: A Psychomagical Autobiography,The Dance of Reality: A Psychomagical Autobiography,,9781620552810
3497,125,No Limits: My Autobiography,No Limits: My Autobiography,,9781782066903
3498,112,My Inventions: The Autobiography of Nikola Tesla,My Inventions: The Autobiography of Nikola Tesla,,9781633842304
3502,1775,Mary King: The Autobiography,Mary King: The Autobiography,9781409104780,9781409104780
3521,1212,The Autobiography,The Autobiography of Colin Jackson,9780563487388,9780563487388
3534,225,Fading Into The Limelight: The Autobiography,Fading Into The Limelight: The Autobiography,,9781409105725
3539,825,Private Domain: An Autobiography,Private Domain: An Autobiography / Edition 1,9780822956990,9780822956990
3540,616,Edith Piaf: The Wheel of Fortune: The Official Autobiography,The Wheel of Fortune: The Official Autobiography,9780720612288,9780720612288
3549,236,Autobiography of a Corpse,Autobiography of a Corpse,9781590176702,9781590176702
3554,806,Heathen Days: Mencken's Autobiography: 1890-1936 (H. L. Mencken's Autobiography #3),Heathen Days: Mencken's Autobiography: 1890-1936,9780801885327,9780801885327
3556,788,"Bradford Washburn, An Extraordinary Life: The Autobiography of a Mountaineering Icon","Bradford Washburn, An Extraordinary Life: The Autobiography of a Mountaineering Icon",9780882409078,9780882409078
3559,1501,And It's Goodnight From Him: The Autobiography Of The Two Ronnies,And It's Goodnight from Him -: The Autobiography of the Two Ronnies,9780141028040,9780141028040
3567,298,Musical Stages: An Autobiography,Musical Stages: An Autobiography,9780306811340,9780306811340
3571,742,The Autobiography of Bertrand Russell,The Autobiography of Bertrand Russell,9780415228626,9780415228626
3584,1124,The Autobiography of Giambattista Vico,The Autobiography of Giambattista Vico,9780801490880,9780801490880
3586,622,J. Hudson Taylor: An Autobiography,J. Hudson Taylor: An Autobiography,9781611043303,9781611043303
3600,513,The Romantic Egoists: A Pictorial Autobiography from the Scrapbooks and Albums of F. Scott and Zelda Fitzgerald,The Romantic Egoists: A Pictorial Autobiography from the Scrapbooks and Albums of F. Scott and Zelda Fitzgerald,9781570035296,9781570035296
3605,46,"Mud, Sweat, and Tears: The Autobiography","Mud, Sweat, and Tears: The Autobiography",,9780062124135
3609,653,The Life of Shabkar: Autobiography of a Tibetan Yogin,The Life Of Shabkar: Autobiography Of A Tibetan Yogin / Edition 1,9781559391542,9781559391542
3612,1930,The Way It Was: My Autobiography,The Way It Was: My Autobiography,9780747264279,9780747264279
3625,1126,Pilgrim Souls: A Collection of Spiritual Autobiography,Pilgrim Souls: A Collection of Spiritual Autobiography,9780684843117,9780684843117
3627,796,The Wheel of Life: The Autobiography of a Western Buddhist,The Wheel of Life: The Autobiography of a Western Buddhist,9780877730347,9780877730347
3640,301,Dear Reader: The Unauthorized Autobiography of Kim Jong Il,Dear Reader: The Unauthorized Autobiography of Kim Jong Il,9781495283253,9781495283253
3646,624,A Nation of Lords: The Autobiography of the Vice Lords,Nation of Lords: The Autobiography of the Vice Lords / Edition 2,9780881336283,9780881336283
3647,535,The Autobiography of St. Margaret Mary,Autobiography of St. Margaret Mary,9780895552952,9780895552952
3650,891,Journey to Mindfulness: The Autobiography of Bhante G.,Journey to Mindfulness: The Autobiography of Bhante G.,9780861713479,9780861713479
3651,746,Theodore Roosevelt: The Rough Riders and an Autobiography,The Rough Riders and An Autobiography,9781931082655,9781931082655
3654,452,Every Man A King: The Autobiography Of Huey P. Long,Every Man a King: The Autobiography of Huey P. Long,9780306806957,9780306806957
3659,52,The Collected Autobiographies of Maya Angelou,The Collected Autobiographies of Maya Angelou,9780679643258,9780679643258
3663,538,"The Literature of Ancient Egypt: An Anthology of Stories, Instructions, Stelae, Autobiographies, and Poetry","The Literature of Ancient Egypt: An Anthology of Stories, Instructions, Stelae, Autobiographies, and Poetry / Edition 3",9780300099201,9780300099201
3664,275,Children of the Storm: The Autobiography of Natasha Vins,Children of the Storm: The Autobiography of Natasha Vins,9781579248543,9781579248543
3665,346,Father Of The Blues: An Autobiography,Father of the Blues: An Autobiography,9780306804212,9780306804212
3672,704,Vanity Will Get You Somewhere: An Autobiography,Vanity Will Get You Somewhere: An Autobiography,9780595091331,9780595091331
3676,1045,Mark Twain's Burlesque Autobiography,Mark Twain's Burlesque Autobiography,,9781607788249
3678,933,Autobiography: The Big Sea (The Collected Works of Langston Hughes #13),Autobiography: The Big Sea (The Collected Works of Langston Hughes),9780826214102,9780826214102
3686,1169,All Out! An Autobiography,All Out!: An Autobiography,9781591024521,9781591024521
3690,580,Steve Jobs Bio: The Unauthorized Autobiography,Steve Jobs Bio: The Unauthorized Autobiography,,2940046205206
3693,963,A Song of Ascents: A Spiritual Autobiography,A Song of Ascents: A Spiritual Autobiography,9780687097920,9780687097920
3700,460,"Autobiography of Malcolm X as told to Alex Haley, The (MAXNotes Literature Guides)",The Autobiography of Malcolm X (MaxNotes),9780878910045,9780878910045
3702,1753,Stranger to the Game: 2the Autobiography of Bob Gibson,Stranger to the Game: The Autobiography of Bob Gibson,9780670847945,9780670847945
3714,184,Gerrard: My Autobiography,Gerrard: My Autobiography,9780553817331,9780553817331
3723,253,The Test: My Autobiography,The Test: My Autobiography,,9780241962695
3729,214,Ely: An Autobiography,Ely: An Autobiography,9780820323978,9780820323978
3730,1940,Black Bolshevik: Autobiography of an Afro-American Communist,Black Bolshevik: Autobiography of an Afro-American Communist,9780930720537,9780930720537
3743,34,The Autobiography of General Ulysses S Grant: Memoirs of the Civil War,The Autobiography Of General Ulysses S Grant,9781934941140,9781934941140
3746,186,James Arness: An Autobiography,James Arness: An Autobiography,9780786433162,9780786433162
3751,1394,"I Came, I Saw: An Autobiography",I Came I Saw an Autobiography,9780330334662,9780330334662
3753,1647,George Fox - An Autobiography,George Fox - An Autobiography,9781595479686,9781595479686
3757,1937,Jackie Cochran: An Autobiography,Jackie Cochran: An Autobiography,9780553052114,9780553052114
3758,463,"The Autobiography of Charles Darwin, 1809–82",The Autobiography of Charles Darwin 1809-1882: With Original Omissions Restored,9780393310696,9780393310696
3765,1140,The Struggle for Modern Tibet: The Autobiography of Tashi Tsering,The Struggle for Modern Tibet: The Autobiography of Tashi Tsering / Edition 1,9780765605092,9780765605092
3783,789,Hoyt Street: An Autobiography,Hoyt Street: An Autobiography,9780826340207,9780826340207
3803,1048,Garry Sobers: My Autobiography,Garry Sobers: My Autobiography,9780755310074,9780755310074
3818,664,Living High: An Unconventional Autobiography,Living High: An Unconventional Autobiography,9780970739995,9780970739995
3821,639,A Kind of Grace: The Autobiography of the World's Greatest Female Athlete,A Kind Of Grace,9780446522489,9780446522489
3822,261,Autobiography of Red Cloud: War Leader of the Oglalas,Autobiography of Red Cloud: War Leader of the Oglalas,9780917298509,9780917298509
3838,57,"God, Country, Notre Dame: The Autobiography of Theodore M. Hesburgh","God, Country, Notre Dame: The Autobiography of Theodore M. Hesburgh",9780268010386,9780268010386
3842,994,King: My Autobiography,King: My Autobiography,,9781782069065
3843,96,Moving Pictures: An Autobiography,Moving Pictures: An Autobiography,,2940151374255
3845,984,Outside the Magic Circle: The Autobiography of Virginia Foster Durr,Outside the Magic Circle: The Autobiography of Virginia Foster Durr,9780817305178,9780817305178
3855,785,The Fall: An Autobiography of an Alter Ego,The Fall: An Autobiography of an Alter Ego,,9780989254502
3856,1138,Billy the Kid: An Autobiography,Billy the Kid: An Autobiography,,9780692437254
3857,157,Bill Peet: An Autobiography,Bill Peet: An Autobiography,9780395689820,9780395689820
3866,454,No Beethoven: An Autobiography & Chronicle of Weather Report,No Beethoven: An Autobiography & Chronicle of Weather Report,9780989253017,9780989253017
3868,191,Veeck--As In Wreck: The Autobiography of Bill Veeck,Veeck--As in Wreck: The Autobiography of Bill Veeck,9780226852188,9780226852188
3877,504,D-Day Survivor: An Autobiography,D-Day Survivor: An Autobiography,9781589804210,9781589804210
3878,852,Autobiography of an Aspiring Saint (The Other Voice in Early Modern Europe: The Chicago Series),Autobiography of an Aspiring Saint (The Other Voice in Early Modern Europe Series),9780226244471,9780226244471
3879,1102,The Autobiography of an Unknown Indian,The Autobiography of an Unknown Indian,9780940322820,9780940322820
3885,212,I Dreamed I Was a Very Clean Tramp: An Autobiography,I Dreamed I Was a Very Clean Tramp: An Autobiography,9780062190840,9780062190840
3887,1400,One Flew into the Cuckoo's Egg: My Autobiography,Autobiography,9780340951927,9780340951927
3900,758,All in the Day's Work: AN AUTOBIOGRAPHY,All in the Day's Work: An Autobiography,9780252071362,9780252071362
3914,756,"Alone atop the Hill: The Autobiography of Alice Dunnigan, Pioneer of the National Black Press","Alone atop the Hill: The Autobiography of Alice Dunnigan, Pioneer of the National Black Press",9780820347981,9780820347981
3917,56,"My Wicked, Wicked Ways: The Autobiography of Errol Flynn","My Wicked, Wicked Ways: The Autobiography of Errol Flynn",9780815412502,9780815412502
3944,1634,Totally Unofficial: The Autobiography of Raphael Lemkin,Totally Unofficial: The Autobiography of Raphael Lemkin,9780300186963,9780300186963
3949,657,"My Life, as I See It: An Autobiography","My Life, as I See It: An Autobiography",9781439171363,9781439171363
3950,1376,The Autobiography of William Zeckendorf,Autobiography of William Zeckendorf,9780961897208,9780961897208
3953,735,An Autobiography of Black Chicago,An Autobiography of Black Chicago,,9781932841671
3955,1268,The Autobiography of Osugi Sakae,The Autobiography of Osugi Sakae / Edition 1,9780520077607,9780520077607
3959,1261,Echoes of an Autobiography,Echoes of an Autobiography,9780385485562,9780385485562
3966,594,Glenn Hughes: The Autobiography - From Deep Purple to Black Country Communion,Glenn Hughes The Autobiography: From Deep Purple to Black Country Communion,9781906002923,9781906002923
2498,2100,The Autobiography of a Chinese Girl: A Genuine Autobiography,Autobiography of a Chinese Girl,9780710310415,9780710310415
2500,2100,The Autobiography of a Chinese Girl: A Genuine Autobiography,Autobiography of a Chinese Girl,9780710310415,9780710310415
2060,2109,American Autobiography: The Prophetic Mode,Amer Autobiography,9780870232633,9780870232633
2082,2109,American Autobiography: The Prophetic Mode,Amer Autobiography,9780870232633,9780870232633
3040,2122,"Autobiography, Politics and Sexuality: Essays in Curriculum Theory, 1972-1992","Autobiography, Politics and Sexuality: Essays in Curriculum Theory, 1972-1992 / Edition 1",9780820418490,9780820418490
3881,2135,Failure: An Autobiography,Failure: An Autobiography,9781905736218,9781905736218
2452,2156,A Lifetime of Labor: The Autobiography of Alice H. Cook,A Lifetime of Labor: The Autobiography of Alice H. Cook,9781558612570,9781558612570
2806,2174,Once a Blue Always a Blue: The Autobiography of Richard Edghill,Once a Blue Always a Blue: The Autobiography of Richard Edghill,,9781909626881
3809,2187,With No Regrets - An Autobiography,With No Regrets An Autobiography,9781406776614,9781406776614
2276,2190,The Autobiography of Geronimo,The Autobiography of Geronimo,9781610010023,9781610010023
2620,2193,An Autobiography of Lessons Learned,An Autobiography of Lessons Learned,9781475985115,9781475985115
2651,2193,An Autobiography of Lessons Learned,An Autobiography of Lessons Learned,9781475985115,9781475985115
2744,2200,The Autobiography of SATAN (Authorized Edition),The Autobiography of SATAN (Authorized Edition),,9781515097112
3058,2224,Lives in the Wilderness: Three Classic Indian Autobiographies. Jim Corbett: My India; Verrier Elwin: The Tribal World of Verrier Elwin; Salim Ali: The Fall of a Sparrow,Lives in the Wilderness: Three Classic Indian Autobiographies. Jim Corbett: My India; Verrier Elwin: The Tribal World of Verrier Elwin; Si'Alim Ali: The Fall of a Sparrow,9780195669787,9780195669787
3753,2233,George Fox - An Autobiography,George Fox - An Autobiography,9781595479686,9781595479686
2999,2244,Science as Autobiography: The Troubled Life of Niels Jern,Science as Autobiography: The Troubled Life of Niels Jerne,9780300094411,9780300094411
2281,2255,"Epstein, An Autobiography",Epstein: An Autobiography,9780405067075,9780405067075
3456,2281,Memoir Of A Thinking Radish: An Autobiography,Memoir of a Thinking Radish: An Autobiography,9780192820839,9780192820839
2416,2304,Autobiography of Malcom X,CliffsNotes on Malcolm X's The Autobiography of Malcolm X,9780822008026,9780822008026
3370,2312,Rudolf Steiner Autobiography,Rudolf Steiner: An Autobiography,9780833435019,9780833435019
3029,2344,Your Mirror to My Times: The Selected Autobiographies and Impressions of Ford Madox Ford,Your Mirror to My Times: The Selected Autobiographies and Impressions of Ford Madox Ford,9780030859717,9780030859717
2289,2387,Women's Autobiography,Women's Autobiography: Essays in Criticism,9780253202413,9780253202413
3021,2403,The Times of Our Lives: A Guide to Writing Autobiography and Memoir,The Times of Our Lives: A Guide to Writing Autobiography and Memoir,9780936784755,9780936784755
2194,2417,Billie Whitelaw: Who He?: An Autobiography,Billie Whitelaw...Who He?: An Autobiography,9780312139292,9780312139292
3919,2452,A Woman Soldier's Own Story: The Autobiography of Xie Bingying,A Woman Soldier's Own Story: The Autobiography of Xie Bingying,9780425188507,9780425188507
2433,2476,Speaking Out: The Autobiography of Lester Garfield Maddox,Speaking Out: The Autobiography of Lester Garfield Maddox,9780385089562,9780385089562
2765,2483,Barefoot in the sky;: An autobiography,Barefoot in the Sky: An Autobiography,9780026086608,9780026086608
3796,2522,Icebreaker the Autobiography of Rudy Galindo,Icebreaker: The Autobiography of Rudy Galindo,9780671003906,9780671003906
3912,2537,Frank Skinner Autobiography,Frank Skinner Autobiography,9780099426875,9780099426875
3548,2545,A Labor of Love: An Autobiography,A Labor of Love: An Autobiography,9780740765629,9780740765629
2550,2556,Is it That Time Already?: The Autobiography,Is it That Time Already?: The Autobiography,,9781845027636
2581,2556,Is it That Time Already?: The Autobiography,Is it That Time Already?: The Autobiography,,9781845027636
2136,2604,Ezio Pinza: An Autobiography,Ezio Pinza: An Autobiography,,9780405097027
3634,2619,The Wind Spirit: An Autobiography,Wind Spirit: An Autobiography,9780807070406,9780807070406
2958,2625,Man Without A Face: The Autobiography Of Communism's Greatest Spymaster,Man Without A Face / Edition 1,9781891620126,9781891620126
3067,2679,Tony Brooks: Poetry in Motion: Autobiography of a supreme Grand Prix driver,Tony Brooks: Poetry in Motion: Autobiography of a supreme Grand Prix driver,9781899870837,9781899870837
3277,2698,Street-Fighting Years: An Autobiography of the Sixties,Street Fighting Years: An Autobiography of the Sixties,9781844670291,9781844670291
2156,2700,My Journey to Betterment: An Autobiography,My Journey to Betterment: An Autobiography,9780533126545,9780533126545
3343,2715,The Autobiography,The Autobiography,,2940026618460
3347,2742,An Accidental Autobiography,An Accidental Autobiography,9780395860007,9780395860007
2772,2745,Autobiography and National Identity in the Americas Autobiography and National Identity in the Americas,Autobiography and National Identity in the Americas,9780813918457,9780813918457
2354,2760,In the Eye of the Storm: The Autobiography of Sir John Houghton,In the Eye of the Storm: The Autobiography of Sir John Houghton,9780745955841,9780745955841
2752,2771,On Superconductivity and Superfluidity: A Scientific Autobiography,On Superconductivity and Superfluidity: A Scientific Autobiography / Edition 1,9783540680048,9783540680048
2466,2783,Seychelles Global Citizen: The Autobiography of the Founding President,Seychelles Global Citizen: The Autobiography of the Founding President,9781557788870,9781557788870
2353,2786,Interpreting the Self: Two Hundred Years of American Autobiography,Interpreting the Self: Two Hundred Years of American Autobiography,9780226054476,9780226054476
3479,2791,The Autobiography of Michel de Montaigne,The Autobiography of Michel de Montaigne,9781567920987,9781567920987
3639,2829,Philosopher at Large: An Intellectual Autobiography,Philosopher at Large: An Intellectual Autobiography,9780025004900,9780025004900
3863,2843,Will: The Autobiography of Will Greenwood,Will: The Autobiography of Will Greenwood,9780099476481,9780099476481
3820,2852,To Race the Wind: An Autobiography,To Race the Wind; An Autobiography,9780399109249,9780399109249
3261,2874,A Game of Two Halves: The Autobiography,A Game of Two Halves: The Autobiography,,9781845029265
2934,2892,"Sex, Lies, and Autobiography: The Ethics of Confession","Sex, Lies, and Autobiography: The Ethics of Confession",9780813925127,9780813925127
2307,2894,The Artist's Autobiography,The Artist's Autobiography,9780956803498,9780956803498
3395,2901,The Autobiography,The Autobiography of Arthur Ransome,9780224012454,9780224012454
2670,2913,From Right to Left: An Autobiography,From Right to Left: An Autobiography,9780882081618,9780882081618
3343,2925,The Autobiography,The Autobiography,,9781409131670
2519,2981,Antonin Raymond: An Autobiography,Antonin Raymond: An Autobiography,9780804810449,9780804810449
2704,2981,Antonin Raymond: An Autobiography,Antonin Raymond: An Autobiography,9780804810449,9780804810449
3828,2996,Altered States: The Autobiography of Ken Russell,Altered States: The Autobiography of Ken Russell,9780553078312,9780553078312
3876,3020,"Metternich: The Autobiography, 1773-1815","Metternich: The Autobiography, 1773-1815",9781905043019,9781905043019
3591,3060,Sammy Sosa: An Autobiography,Sammy Sosa,9780446527354,9780446527354
3897,3078,Jean Shrimpton : An Autobiography,Jean Shrimpton: An Autobiography,9780852238585,9780852238585
2097,3111,Holding The Line: An Autobiography,Holding the Line: An Autobiography,9780717125913,9780717125913
3108,3137,A Lesser Child: An Autobiography,A Lesser Child: An Autobiography,9780720608991,9780720608991
3757,3148,Jackie Cochran: An Autobiography,Jackie Cochran: An Autobiography,9780553052114,9780553052114
3871,3166,A Way of Hope: An Autobiography,A Way of Hope: An Autobiography,9780805006681,9780805006681
3946,3202,Confessions of a Dangerous Mind: An Unauthorized Autobiography (Confessions of a Dangerous Mind #1),Confessions of a Dangerous Mind: An Unauthorized Autobiography,9780786888085,9780786888085
2059,3205,Up From Slavery: An Autobiography,Up From Slavery: An Autobiography,,9781508082385
2081,3205,Up From Slavery: An Autobiography,Up From Slavery: An Autobiography,,9781508082385
3051,3206,The Uncharted Path: The Autobiography of Lee Myung-Bak,Uncharted Path: The Autobiography of Lee Myung-Bak,9781402271380,9781402271380
2254,3286,The autobiography of a tomboy,The autobiography of a tomboy,,2940017335062
2379,3287,Fragment of a Great Confession - A Psychoanalytic Autobiography,Fragment Of A Great Confession - A Psychoanalytic Autobiography,9781446528532,9781446528532
2329,3300,A Matter of Black and White: The Autobiography of Ada Lois Sipuel Fisher,A Matter of Black and White: The Autobiography of Ada Lois Sipuel Fisher,9780806128191,9780806128191
2375,3336,I Sell Death: Autobiography of a Terrorist,I Sell Death: Autobiography of a Terrorist,,9781505606751
2243,3348,"Telling Lives in India: Biography, Autobiography, and Life History","Telling Lives in India: Biography, Autobiography, and Life History",9780253217271,9780253217271
2950,3370,"Holding the Lotus to the Rock: The Autobiography of Sokei-an, America's First Zen Master","Holding the Lotus to the Rock: The Autobiography of Sokei-an, America's First Zen Master",9781568582481,9781568582481
3674,3417,The Autobiography of the British Soldier,"The Autobiography of the British Soldier : From Agincourt to Basra, in His Own Words",9780755315819,9780755315819
2775,3428,Leading from the Front: The Autobiography. General Sir Richard Dannatt,Leading from the Front: The Autobiography,9780552162616,9780552162616
3789,3438,Autobiography of a Stutterer,Autobiography of a Stutterer,9781934289297,9781934289297
3759,3444,Alone with me: A new autobiography,Alone with Me: A New Autobiography,9780809283514,9780809283514
3852,3468,Baby Doll: An Autobiography,Ba,9780877955580,9780877955580
2051,3469,All My Yesterdays: An Autobiography,All My Yesterdays: An Autobiography,9781852304058,9781852304058
2073,3469,All My Yesterdays: An Autobiography,All My Yesterdays: An Autobiography,9781852304058,9781852304058
3578,3475,The Autobiography of a Sexually Emancipated Communist Woman,The Autobiography of a Sexually Emancipated Communist Woman,9780805204865,9780805204865
3566,3501,Grace like a River: An Autobiography,Grace Like a River: An Autobiography,9781414300467,9781414300467
3039,3526,Remembering Your Story: Creating Your Own Spiritual Autobiography : Leader's Guide,Remembering Your Story Leader's Guide: Creating Your Own Spiritual Autobiography,9780835809641,9780835809641
2819,3563,A Sounding of Women: Autobiographies from Unexpected Places,A Sounding of Women : Autobiographies from Unexpected Places / Edition 1,9780205270156,9780205270156
2832,3576,Standing My Ground: The Autobiography of Matthew Hayden,Standing My Ground: The Autobiography of Matthew Hayden,9781845136628,9781845136628
2674,3580,"Temporalities, Autobiography and Everyday Life","Temporalities, Autobiography and Everyday Life",9780719055751,9780719055751
3913,3584,From the Alleghenies to the Hebrides: An Autobiography,From Alleghenies To the Hebrides: An Autobiography,9781841587707,9781841587707
2164,3588,"James Nasmyth, Engineer: An Autobiography","James Nasmyth, Engineer: An Autobiography",9783955079468,9783955079468
2347,3609,An Autobiography of George Washington As Told to His Scribe,An Autobiography of George Washington,9780976968009,9780976968009
3326,3639,BAD: The Autobiography of James Carr,BAD: The Autobiography of James Carr / Edition 1,9781902593647,9781902593647
2560,3653,The Proper Charlie: My Autobiography,The Proper Charlie: My Autobiography,,9781845028909
